<?xml version="1.0" encoding="UTF-8"?>
<beans  
    xmlns="http://www.springframework.org/schema/beans"  
    xmlns:xsi="http://www.w3.org/2001/XMLSchema-instance"  
    xmlns:p="http://www.springframework.org/schema/p"  
    xsi:schemaLocation="http://www.springframework.org/schema/beans  
               http://www.springframework.org/schema/beans/spring-beans-3.0.xsd">  
  
<bean id="a" class="com.Address">  
<constructor-arg value="No 20"></constructor-arg>  
<constructor-arg value="Chennai"></constructor-arg>  
<constructor-arg value="Tamilnadu"></constructor-arg>  
</bean>  
  
  
<bean id="s" class="com.Student">  
<constructor-arg value="chitra" type="String"></constructor-arg>  
<constructor-arg value="22" type="int"></constructor-arg>  
<constructor-arg value="female" type="String"></constructor-arg>  
<constructor-arg value="98" type="int"></constructor-arg>  
<constructor-arg value="S" type="String"></constructor-arg>  
<constructor-arg>  
<ref bean="a"/>  
</constructor-arg>  
</bean>  
  
</beans>  