<?xml version="1.0" encoding="UTF-8"?>
<beans  
    xmlns="http://www.springframework.org/schema/beans"  
    xmlns:xsi="http://www.w3.org/2001/XMLSchema-instance"  
    xmlns:p="http://www.springframework.org/schema/p"  
    xsi:schemaLocation="http://www.springframework.org/schema/beans  
               http://www.springframework.org/schema/beans/spring-beans-3.0.xsd">  
  
<bean id="a" class="com.Address">  
<constructor-arg value="No 20"></constructor-arg>  
<constructor-arg value="Chennai"></constructor-arg>  
<constructor-arg value="Tamilnadu"></constructor-arg>  
</bean>  
  
  
<bean id="e" class="com.Employee">  
<property name="id" value="1094778"></property>  
<property name="name" value="chitra"></property>  
<property name="salary" value="27000"></property>  
<property name="address" ref="a"></property>  
</bean>  
  
</beans>  